date,terminal,strategy_method,strategy_level,actual_soc_start,actual_soc_end,cost_normal,cost_emergency,cost_total,grid_emergency_kwh,grid_unused_kwh,charge_shortfall_kwh,discharge_shortfall_kwh,soc_min_seen,soc_max_seen,soc_end_at_max,soc_end_at_min,audit_ok
2025-02-01,rolling-7d,D-7,point,9012.162166666674,9120.980555555565,21799.899657289174,2568.636644272522,24368.536301561697,564.012441975307,1727.853816666666,289.5513580246933,748.4191000000001,1642.7964629629632,10800.0,False,False,True
2025-02-02,rolling-7d,D-7,point,9120.980555555565,8754.39212962963,58049.33085774426,671.5175534666662,58720.84841121092,174.5779166666665,2294.679150000001,2.0179413695586845e-12,183.95291666666628,1200.0,10800.0,False,False,True
2025-02-03,rolling-7d,D-7,point,8754.39212962963,8689.926462962967,55652.31365705812,2942.715953875004,58595.029610933125,739.2299166666675,1867.5546999999983,3.183231456205249e-12,125.93381666666698,1200.0000000000018,10800.0,False,False,True
2025-02-04,rolling-7d,D-7,point,8689.926462962967,8892.473018518522,57811.362242919815,1482.2379496499998,59293.600192569815,477.1136666666666,2596.2649833333335,1.2647660696529783e-12,308.2257166666666,1200.0000000000016,10800.0,False,False,True
2025-02-05,rolling-7d,D-7,point,8892.473018518522,8635.75487037038,53310.994772550235,8201.946002491668,61512.940775041905,1990.4491166666664,1526.9590000000007,0.0,77.17938333333336,1232.44440740741,10800.0,False,False,True
2025-02-06,rolling-7d,D-7,point,8635.75487037038,9025.5692962963,55798.26833764426,3242.6231945416666,59040.891532185924,997.8631500000004,1942.145916666666,0.0,293.0123666666666,1200.0000000000007,10800.0,False,False,True
2025-02-07,rolling-7d,D-7,point,9025.5692962963,8178.783666666674,21404.529900344387,2253.272441858334,23657.80234220272,442.6217000000002,1626.2424833333337,331.4173456790111,474.35335000000043,1428.7836666666744,10800.0,False,False,True
2025-02-08,rolling-7d,D-7,point,8178.783666666674,8828.25788888889,20000.89113957975,4288.830527008335,24289.721666588084,1031.7042166666668,954.1509833333332,250.58131687242792,318.40296666666643,1328.2578888888902,10800.0,False,False,True
2025-02-09,rolling-7d,D-7,point,8828.25788888889,8623.476111111118,51484.31393805934,11323.006037575,62807.31997563434,3136.4301666666665,690.298116666667,0.0,66.12850000000014,1273.476111111113,10800.0,False,False,True
2025-02-10,rolling-7d,D-7,point,8623.476111111118,8843.274203703702,52941.28887988224,2679.002271124997,55620.29115100724,752.9995499999994,928.1041000000005,2.2737367544323206e-12,128.94678333333297,1343.2742037037033,10800.0,False,False,True
2025-02-11,rolling-7d,D-7,point,8843.274203703702,8740.959259259258,53786.496994058114,2837.5134419500027,56624.01043600812,641.3108166666675,664.9725666666664,0.0,36.86333333333346,1200.0000000000002,10800.0,False,False,True
2025-02-12,rolling-7d,D-7,point,8740.959259259258,8776.414037037044,53198.82730719355,3012.637390950004,56211.46469814355,705.4015833333344,896.8845499999999,4.547473508864641e-13,68.77263333333303,1200.0000000000032,10800.0,False,False,True
2025-02-13,rolling-7d,D-7,point,8776.414037037044,8070.2703888888955,52522.509099388524,3102.028723558333,55624.537822946855,813.3018166666662,835.8040166666683,0.0,108.24335000000045,1200.0,10800.0,False,False,True
2025-02-14,rolling-7d,D-7,point,8070.2703888888955,7972.468277777776,19162.617927073123,4968.660725841668,24131.278652914792,1572.2208333333338,608.74765,33.906913580245856,158.76543333333336,1230.5162222222239,10800.0,False,False,True
2025-02-15,rolling-7d,D-7,point,7972.468277777776,8888.215685185194,19066.86782096919,5574.295263767178,24641.163084736367,1610.4740730452663,479.03631666666683,2.2325102880666297,171.20245000000017,1202.0092592592596,10800.0,False,False,True
2025-02-16,rolling-7d,D-7,point,8888.215685185194,8607.393314814817,52153.9107773937,3455.832274458331,55609.74305185203,910.7575333333328,715.7500000000006,3.751665644813329e-12,51.65398333333337,1216.0960185185197,10800.0,False,False,True
2025-02-17,rolling-7d,D-7,point,8607.393314814817,8765.900370370378,48615.8383560132,3615.828001008332,52231.66635702153,1033.9238666666663,820.6229833333331,1.5418777365994174e-12,59.310333333333574,1265.900370370378,10800.0,False,False,True
2025-02-18,rolling-7d,D-7,point,8765.900370370378,8666.321000000002,49290.53506403515,3703.0906211833276,52993.62568521848,1003.6829333333318,623.2327333333349,0.0,104.6889000000001,1316.3210000000015,10800.0,False,False,True
2025-02-19,rolling-7d,D-7,point,8666.321000000002,8701.150259259255,49587.478871818166,4125.212784216665,53712.69165603483,1259.767383333333,523.8043166666666,4.118483332149481e-12,1.0352333333333945,1201.150259259255,10800.0,False,False,True
2025-02-20,rolling-7d,D-7,point,8701.150259259255,7718.646129629638,45892.178981733836,9187.330712899999,55079.50969463383,2468.26925,814.9838999999996,18.10082304526884,195.83708333333345,1216.290740740744,10800.0,False,False,True
2025-02-21,rolling-7d,D-7,point,7718.646129629638,7462.883314814806,18091.88863167752,3060.2054620583335,21152.094093735854,923.0607500000001,531.9433166666663,194.25353909465085,448.0843166666665,1374.8281851851866,10800.0,False,False,True
2025-02-22,rolling-7d,D-7,point,7462.883314814806,8767.214962962962,18922.72129236457,5685.585339150002,24608.306631514573,1457.6230000000003,600.6176833333335,78.76619341563679,259.2940833333334,1270.8895740740738,10800.0,False,False,True
2025-02-23,rolling-7d,D-7,point,8767.214962962962,8679.479500000005,49144.89746373565,3392.0869739166706,52536.984437652325,1075.5953666666678,769.6766833333328,0.0,116.53155000000015,1200.0000000000011,10800.0,False,False,True
2025-02-24,rolling-7d,D-7,point,8679.479500000005,8747.802500000002,46096.008876302694,3444.2722961500017,49540.2811724527,846.4226,872.8931666666671,0.0,178.02224999999987,1200.0000000000025,10800.0,False,False,True
2025-02-25,rolling-7d,D-7,point,8747.802500000002,8830.633962962967,46841.68989735724,2990.871453058335,49832.56135041558,862.697166666667,606.0796999999992,1.9326762412674725e-12,117.57056666666631,1330.633962962967,10800.0,False,False,True
2025-02-26,rolling-7d,D-7,point,8830.633962962967,8696.573722222227,47606.938839742914,2713.4375467999994,50320.376386542914,819.5812666666666,981.9960999999995,0.0,131.91634999999974,1274.2253087037052,10800.0,False,False,True
2025-02-27,rolling-7d,D-7,point,8696.573722222227,6988.012851851856,45305.99719254084,5616.522700258335,50922.51989279917,1224.0393833333337,803.013366666667,2.8421709430404007e-12,38.97333333333336,1200.0000000000018,10800.0,False,False,True
2025-02-28,rolling-7d,D-7,point,6988.012851851856,6845.153074074079,17301.43852332531,4773.370579099998,22074.809102425308,1254.011166666666,761.4430666666669,25.66987654321332,192.7294500000001,1223.102888888889,10800.0,False,False,True
2025-03-01,rolling-7d,D-7,point,6845.153074074079,8846.466370370372,18485.276376315862,4128.334151475,22613.61052779086,1034.3955666666666,1484.5383666666664,301.16744855967477,510.7653666666666,1471.0507037037037,10800.0,False,False,True
2025-03-02,rolling-7d,D-7,point,8846.466370370372,8823.28403703705,46269.63313637143,17701.554358908328,63971.18749527975,4298.760216666666,1354.462483333334,183.22028806584046,259.36406666666676,1323.2840370370498,10800.0,False,False,True
2025-03-03,rolling-7d,D-7,point,8823.28403703705,8684.90122222222,44123.1778242068,23201.867813270266,67325.04563747707,5713.483956584362,1222.0304666666677,62.12619341563894,171.7333166666666,1255.913574074073,10800.0,False,False,True
2025-03-04,rolling-7d,D-7,point,8684.90122222222,8797.726759259258,42743.480985409944,19812.186707941983,62555.66769335193,5456.411052469138,1231.7419333333357,87.09253086419605,158.49903333333145,1278.3832777777802,10800.0,False,False,True
2025-03-05,rolling-7d,D-7,point,8797.726759259258,8751.35198148149,44439.478370424215,5409.121002323364,49848.59937274758,1281.7377248971213,1384.3282000000008,87.27565843621116,116.91006666666658,1251.3519814814904,10800.0,False,False,True
2025-03-06,rolling-7d,D-7,point,8751.35198148149,6463.480148148137,42816.23409395853,9605.055615747831,52421.289709706354,2998.749935802468,1068.293316666667,203.43753086420003,271.2940166666666,1318.3440185185148,10800.0,False,False,True
2025-03-07,rolling-7d,D-7,point,6463.480148148137,5950.286259259266,16546.586992878772,5691.862941891672,22238.449934770444,1334.024866666668,1273.4678333333331,395.9102057613169,563.3860666666668,1469.6653333333365,10800.0,False,False,True
2025-03-08,rolling-7d,D-7,point,5950.286259259266,8775.130166666666,17697.28770520426,2586.666601225002,20283.954306429263,843.099133333334,354.32404999999994,136.41201646090417,313.1108833333335,1322.770814814815,10800.0,False,False,True
2025-03-09,rolling-7d,D-7,point,8775.130166666666,8824.985074074073,47075.61440129494,2408.7032947749994,49484.317696069935,695.0930333333333,747.1143166666675,54.307160493828746,156.47536666666667,1324.9850740740726,10800.0,False,False,True
2025-03-10,rolling-7d,D-7,point,8824.985074074073,8678.78666666667,46936.186545330595,5011.052597866668,51947.239143197265,1707.6987666666678,591.7462999999935,38.276316872430016,146.91181666667262,1328.7866666666664,10800.0,False,False,True
2025-03-11,rolling-7d,D-7,point,8678.78666666667,8714.749296296295,44615.6260433906,3661.5474915583286,48277.173534948924,953.6730833333324,1002.1230000000002,112.22168724279851,239.17393333333303,1300.999518518518,10800.0,False,False,True
2025-03-12,rolling-7d,D-7,point,8714.749296296295,8638.515092592601,42612.0859464718,4292.871042133329,46904.95698860513,1269.6911666666654,548.9670833333333,113.17228395060931,171.3331333333332,1288.5150925926011,10800.0,False,False,True
2025-03-13,rolling-7d,D-7,point,8638.515092592601,5090.887740740743,40862.72754384623,16610.693615691674,57473.4211595379,4451.276516666668,555.1384333333339,0.0,39.11728333333424,1200.0,10800.0,False,False,True
2025-03-14,rolling-7d,D-7,point,5090.887740740743,5199.168037037033,15707.652903025059,3585.5014498000014,19293.15435282506,975.7063333333335,710.2871000000001,7.203126983768016e-13,90.94351666666677,1200.0,10800.0,False,False,True
2025-03-15,rolling-7d,D-7,point,5199.168037037033,8649.543962962965,17370.396608250456,8233.040361358333,25603.43696960879,2419.6574833333334,369.80550000000034,0.5269958847722407,90.01643333333345,1200.4742962962973,10800.0,False,False,True
2025-03-16,rolling-7d,D-7,point,8649.543962962965,8937.954925925926,40934.42729732802,10482.590038458335,51417.01733578635,3067.8194000000003,512.7308333333302,5.933031843596837e-13,214.15943333333655,1200.0000000000007,10800.0,False,False,True
2025-03-17,rolling-7d,D-7,point,8937.954925925926,8945.657296296296,43419.89544321498,2695.5235295666666,46115.41897278164,631.825416666667,894.1425833333337,34.021172839505084,248.64871666666636,1230.6190555555584,10800.0,False,False,True
2025-03-18,rolling-7d,D-7,point,8945.657296296296,8675.091499999999,40913.23961271067,7832.300960933337,48745.54057364401,1794.3584500000009,706.3220000000008,2.2737367544323206e-12,112.58235000000039,1200.0,10800.0,False,False,True
2025-03-19,rolling-7d,D-7,point,8675.091499999999,8769.362499999992,40186.93890953691,5990.884507274999,46177.82341681191,1312.74425,821.1587499999996,2.7071678232459817e-12,197.4262500000002,1200.0000000000002,10800.0,False,False,True
2025-03-20,rolling-7d,D-7,point,8769.362499999992,4839.380148148148,41414.98671857768,4256.273187625002,45671.259906202686,1091.815783333334,755.7806833333332,2.91563786008021,184.46876666666662,1202.6240740740757,10800.0,False,False,True
2025-03-21,rolling-7d,D-7,point,4839.380148148148,4868.691629629636,15195.518729311836,3485.8217726749986,18681.340501986833,1029.7936833333326,365.0650333333332,55.64709876543212,108.62724999999989,1250.0823888888897,10800.0,False,False,True
2025-03-22,rolling-7d,D-7,point,4868.691629629636,9040.117074074074,17423.617997785797,2909.38185019907,20332.999847984865,804.8705740740733,785.4400833333336,5.475925925927086,310.5408666666668,1204.9283333333333,10800.0,False,False,True
2025-03-23,rolling-7d,D-7,point,9040.117074074074,8712.6667037037,40390.82919980757,8143.278813808335,48534.10801361591,2028.9072666666673,562.9018666666666,17.03497942386722,25.198366666666402,1212.6667037037,10800.0,False,False,True
2025-03-24,rolling-7d,D-7,point,8712.6667037037,8777.956407407404,37171.12093261118,12757.423279774948,49928.54421238613,3150.8254166666575,653.8230000000003,7.932765555551669e-12,205.16076666666686,1200.0000000000027,10800.0,False,False,True
2025-03-25,rolling-7d,D-7,point,8777.956407407404,8727.848722222225,39239.52500274784,10021.416249766671,49260.94125251451,2705.9641666666676,596.9672166666668,3.083755473198835e-12,25.063850000000116,1200.0,10800.0,False,False,True
2025-03-26,rolling-7d,D-7,point,8727.848722222225,8574.64537037037,38200.40515672993,3545.6483088833347,41746.053465613266,1036.7335166666667,513.3317500000003,31.333333333335684,47.560833333333335,1224.645370370365,10800.0,False,False,True
2025-03-27,rolling-7d,D-7,point,8574.64537037037,4484.707275546353,37948.77667287033,3237.592496699999,41186.36916957033,1043.7921333333334,542.1308666666663,60.618888888889565,167.75831666666704,1254.5570000000002,10800.0,False,False,True
2025-03-28,rolling-7d,D-7,point,4484.707275546353,4435.0925163454085,14598.923620286972,3943.4261963166664,18542.349816603637,1037.6215333333332,614.9998499999997,26.226460905348134,285.59261666666686,1223.603814814815,10800.0,False,False,True
2025-03-29,rolling-7d,D-7,point,4435.0925163454085,8663.287037037036,16553.587200694594,2753.527768766665,19307.114969461258,707.4753666666664,332.052166666667,114.04261316872349,194.33284999999995,1302.6383518518526,10800.0,False,False,True
2025-03-30,rolling-7d,D-7,point,8663.287037037036,8912.859018518524,37611.75826605858,8293.649057897324,45905.40732395591,1989.5886582304527,636.5286166666667,40.29732510288027,224.21395000000007,1236.2675925925919,10800.0,False,False,True
2025-03-31,rolling-7d,D-7,point,8912.859018518524,8620.308462962967,37143.037958198154,10267.97883604167,47411.016794239826,2621.973250000001,753.3376666666668,0.0,63.27761666666663,1200.0000000000018,10800.0,False,False,True
2025-04-01,rolling-7d,D-7,point,8620.308462962967,8641.60383333333,38986.739047760675,10743.389083050008,49730.128130810685,3349.7180666666686,598.1510999999996,23.614197530861425,101.57095000000004,1221.252777777778,10800.0,False,False,True
2025-04-02,rolling-7d,D-7,point,8641.60383333333,8851.7422962963,35845.10404678334,25777.690798366628,61622.79484514997,6814.482483333325,383.7101666666664,9.187317573378095e-12,136.5680666666667,1200.000000000002,10800.0,False,False,True
2025-04-03,rolling-7d,D-7,point,8851.7422962963,4282.161683015665,35370.368657209336,4540.2280935583285,39910.59675076766,1196.0250833333314,549.7511666666664,5.044853423896711e-13,93.94468333333327,1200.000000000001,10800.0,False,False,True
2025-04-04,rolling-7d,D-7,point,4282.161683015665,3923.3081459755053,13947.581172751054,3054.2123946833344,17001.79356743439,901.4264166666667,590.3080500000001,42.90938271605107,217.37721666666675,1238.6184444444448,10800.0,False,False,True
2025-04-05,rolling-7d,D-7,point,3923.3081459755053,8689.772703703708,16585.94262206321,10078.862213216658,26664.804835279865,2645.9884666666644,460.2995666666666,1.8332002582610585e-12,125.79543333333316,1200.0,10800.0,False,False,True
2025-04-06,rolling-7d,D-7,point,8689.772703703708,8774.697351851844,35449.78126426468,7260.157893266664,42709.93915753135,2079.5751166666664,757.9226333333338,0.0,67.22761666666668,1231.3792962962978,10800.0,False,False,True
2025-04-07,rolling-7d,D-7,point,8774.697351851844,8825.772759259255,36335.16424153623,4133.464182049998,40468.628423586226,1327.6538999999996,489.47833333333335,16.957304526749038,126.93089999999995,1325.772759259255,10800.0,False,False,True
2025-04-08,rolling-7d,D-7,point,8825.772759259255,8894.945592592581,37901.90843929333,8400.885836424999,46302.79427571833,1855.4023666666662,671.7678500000005,0.0,175.45103333333316,1394.945592592581,10800.0,False,False,True
2025-04-09,rolling-7d,D-7,point,8894.945592592581,8714.134851851853,38053.784537681306,11078.431921442163,49132.21645912347,2825.1961855967047,652.3660500000003,4.750514403295092,151.5692833333335,1204.275462962964,10800.0,False,False,True
2025-04-10,rolling-7d,D-7,point,8714.134851851853,3757.1265740740737,33516.949592112716,9054.01095460834,42570.96054672106,2123.935733333335,689.8799999999997,0.0,135.72450000000154,1200.0,10800.0,False,False,True
2025-04-11,rolling-7d,D-7,point,3757.1265740740737,3535.5133518518523,13259.508845605105,4280.534121016666,17540.04296662177,1174.9386499999998,482.68433333333337,0.0,247.08258333333322,1200.0000000000014,10799.999999999998,False,False,True
2025-04-12,rolling-7d,D-7,point,3535.5133518518523,8756.978499999994,16184.314463265902,3087.5741835250005,19271.888646790903,997.9030500000001,665.4925,0.0,186.28064999999998,1200.0000000000005,10800.0,False,False,True
2025-04-13,rolling-7d,D-7,point,8756.978499999994,8763.549851851853,34754.3345207997,11127.075422283333,45881.40994308303,2738.8387499999994,715.9979833333337,9.379164112033322e-13,192.19486666666648,1413.549851851851,10800.0,False,False,True
2025-04-14,rolling-7d,D-7,point,8763.549851851853,8774.535444444442,33928.95671920213,13630.484914633333,47559.441633835464,3156.5494666666664,526.5430999999996,0.0,67.08190000000002,1274.5354444444415,10800.0,False,False,True
2025-04-15,rolling-7d,D-7,point,8774.535444444442,8816.334481481485,35101.908778041485,8362.811633733338,43464.72041177482,1944.9622000000013,889.2377999999999,0.0,104.7010333333335,1200.0000000000018,10800.0,False,False,True
2025-04-16,rolling-7d,D-7,point,8816.334481481485,8702.710518518514,37112.99769126333,4454.907789766663,41567.90548102999,1206.8488999999995,503.38865,2.2484791806220983e-12,137.43946666666636,1352.7105185185137,10800.0,False,False,True
2025-04-17,rolling-7d,D-7,point,8702.710518518514,3279.56235185185,32526.015118460888,7110.182873541663,39636.19799200255,2128.293466666666,746.0543,0.0,50.17529999999988,1255.750333333331,10800.0,False,False,True
2025-04-18,rolling-7d,D-7,point,3279.56235185185,2870.899629629628,12990.029308149404,4741.953391108333,17731.982699257736,1312.6688166666668,725.0439500000001,0.0,169.81545000000017,1200.0000000000007,10800.0,False,False,True
2025-04-19,rolling-7d,D-7,point,2870.899629629628,8714.800648148142,15676.104110894816,5322.8284025250005,20998.932513419815,1366.2098333333338,524.0525333333339,0.0,148.32058333333333,1200.0000000000002,10799.999999999996,False,False,True
2025-04-20,rolling-7d,D-7,point,8714.800648148142,8748.870351851852,34547.00416977797,7725.069069191668,42272.073238969635,1963.9596333333334,600.0610333333327,0.0,178.98331666666627,1398.8703518518514,10800.0,False,False,True
2025-04-21,rolling-7d,D-7,point,8748.870351851852,8099.613666666666,32940.171333618535,4773.172304816662,37713.343638435195,1326.531416666665,462.35223333333374,0.0,134.65229999999985,1349.6136666666664,10800.0,False,False,True
2025-04-22,rolling-7d,D-7,point,8099.613666666666,8789.841796296301,32795.54437302748,15175.557272941656,47971.10164596913,4397.612199999998,335.43181666666715,1.8474111129762605e-12,215.8576166666668,1439.841796296308,10800.0,False,False,True
2025-04-23,rolling-7d,D-7,point,8789.841796296301,8960.802870370373,35060.524804260065,3516.2169104583368,38576.7417147184,971.4058500000006,505.2335500000004,0.0,234.72258333333343,1460.8028703703735,10800.0,False,False,True
2025-04-24,rolling-7d,D-7,point,8960.802870370373,2932.3139074074097,30980.491025198775,3565.9866635083304,34546.477688707106,1037.0983666666657,337.2639499999995,0.0,184.4291499999997,1404.9212777777807,10800.0,False,False,True
2025-04-25,rolling-7d,D-7,point,2932.3139074074097,2853.702018518522,12361.89897552208,3680.4572759416687,16042.356251463749,954.0783666666672,636.3882499999997,2.0108359422010835e-12,100.8672333333335,1200.0000000000007,10800.0,False,False,True
2025-04-26,rolling-7d,D-7,point,2853.702018518522,8600.56140740741,15047.734567349798,5204.0750687166665,20251.809636066464,1389.7247666666667,637.49055,0.0,45.505266666666614,1200.0000000000002,10799.999999999998,False,False,True
2025-04-27,rolling-7d,D-7,point,8600.56140740741,7982.914259259256,32713.921663674846,5420.557245625,38134.47890929985,1366.0686000000003,596.2369500000004,2.1477264411373653e-13,29.622833333333347,1232.9142592592561,10800.0,False,False,True
2025-04-28,rolling-7d,D-7,point,7982.914259259256,8874.475888888888,31628.00015078994,35781.34355044166,67409.3437012316,9565.067833333333,783.0152333333325,0.0,157.02829999999994,1200.000000000002,10799.999999999998,False,False,True
2025-04-29,rolling-7d,D-7,point,8874.475888888888,8750.641481481478,32911.55838171932,5604.975995824993,38516.53437754431,1289.6771666666646,762.8449333333342,4.714451051768265e-12,45.57733333333317,1250.6414814814773,10800.0,False,False,True
2025-04-30,rolling-7d,D-7,point,8750.641481481478,7996.115648148145,32052.988232591717,7521.478275266669,39574.466507858386,1946.520233333334,954.7409499999997,1.84385839929746e-12,41.50408333333314,1246.1156481481448,10800.0,False,False,True
2025-05-01,rolling-7d,D-7,point,7996.115648148145,2287.612962962963,28106.027458346565,27861.94412762498,55967.97158597155,6335.184549999995,324.73033333333285,3.943512183468556e-12,0.0,1200.0000000000018,10800.0,False,False,True
2025-05-02,rolling-7d,D-7,point,2287.612962962963,2202.7276666666676,11900.552328858545,30535.478233416663,42436.030562275206,7166.540866666665,191.45785000000006,0.0,0.3001666666665983,1200.0000000000005,10800.0,False,False,True
2025-05-03,rolling-7d,D-7,point,2202.7276666666676,7950.000000000004,15009.038800337308,18545.058606033333,33554.09740637064,4251.114883333333,326.02424999999977,0.0,0.0,1200.0,10799.999999999998,False,False,True
2025-05-04,rolling-7d,D-7,point,7950.000000000004,8550.000000000004,32064.76886864871,23004.06926168334,55068.83813033205,6537.777633333334,328.1013000000004,3.488764832582092e-12,0.0,1200.0000000000018,10800.0,False,False,True
2025-05-05,rolling-7d,D-7,point,8550.000000000004,6947.2599814814785,34522.49816949047,20402.812798575,54925.310968065474,4657.256916666667,510.50325,6.037836897121451e-12,0.0,1200.0,10800.0,False,False,True
2025-05-06,rolling-7d,D-7,point,6947.2599814814785,7950.000000000003,31609.13448761778,32540.504877366664,64149.63936498444,7269.073516666667,89.34951666666677,1.9753088054130785e-12,0.0,1200.0000000000002,10800.0,False,False,True
2025-05-07,rolling-7d,D-7,point,7950.000000000003,7950.0,30729.85262300419,39784.82528137503,70514.67790437922,8641.145283333337,214.1858000000003,0.0,3.751665644813329e-12,1200.0,10800.0,False,False,True
2025-05-08,rolling-7d,D-7,point,7950.0,2846.0633333333444,31942.235943774493,26220.986185374986,58163.22212914948,7132.368266666665,970.9033833333332,1.9184653865522705e-12,121.19571666666673,1200.0000000000016,10800.0,False,False,True
2025-05-09,rolling-7d,D-7,point,2846.0633333333444,2505.542888888889,14890.27892616613,3694.0948563416664,18584.373782507795,941.7892666666667,902.52685,1.4281908988778014e-12,117.56250000000011,1200.000000000001,10800.0,False,False,True
2025-05-10,rolling-7d,D-7,point,2505.542888888889,8274.503759259258,17056.494509850552,12871.310460841669,29927.80497069222,2987.9065833333334,613.8388166666666,2.6787461138155777e-12,292.05338333333333,1200.0,10800.0,False,False,True
2025-05-11,rolling-7d,D-7,point,8274.503759259258,8635.201703703704,34005.38456615772,26994.631935074995,61000.01650123272,6155.902166666665,709.3404,1.4406253967536031e-12,76.68153333333339,1285.201703703709,10800.0,False,False,True
2025-05-12,rolling-7d,D-7,point,8635.201703703704,8859.931925925925,35657.056650977596,9047.303712225,44704.3603632026,3168.3907666666673,845.5878333333333,0.0,143.93873333333318,1359.9319259259241,10800.0,False,False,True
2025-05-13,rolling-7d,D-7,point,8859.931925925925,8610.943907407407,34381.33526739297,14320.969879058308,48702.305146451276,3914.301483333326,1362.4649499999996,8.29913915367797e-12,54.84951666666689,1260.9439074074094,10800.0,False,False,True
2025-05-14,rolling-7d,D-7,point,8610.943907407407,8790.674740740738,36032.65263167109,7268.868149183332,43301.52078085442,2297.9598499999997,730.3529833333338,0.0,216.60726666666665,1440.674740740738,10800.0,False,False,True
2025-05-15,rolling-7d,D-7,point,8790.674740740738,2892.05924074074,32969.52018362891,7429.659282808331,40399.17946643724,1899.7585333333327,882.6260833333333,1.7195134205394424e-12,354.2301999999995,1593.5891111111064,10800.0,False,False,True
2025-05-16,rolling-7d,D-7,point,2892.05924074074,2538.091157407405,13932.831898599732,4369.3841351750025,18302.216033774734,1326.568033333334,549.5537999999997,0.0,246.87788333333356,1200.0000000000002,10799.999999999998,False,False,True
2025-05-17,rolling-7d,D-7,point,2538.091157407405,8762.40857407407,17098.677885900044,7593.328815691665,24692.00670159171,2123.1527666666666,545.5328833333331,0.0,56.16771666666676,1200.0,10799.999999999998,False,False,True
2025-05-18,rolling-7d,D-7,point,8762.40857407407,8290.971870370366,35360.436558086505,9779.329337933334,45139.76589601984,3020.1094500000004,660.6038000000001,0.0,306.87468333333277,1540.9718703703652,10800.0,False,False,True
2025-05-19,rolling-7d,D-7,point,8290.971870370366,8660.37835185185,33954.65744277438,12752.01102119166,46706.668463966045,2716.4043999999985,749.9616500000004,0.0,99.34051666666653,1310.378351851848,10799.999999999996,False,False,True
2025-05-20,rolling-7d,D-7,point,8660.37835185185,8854.133277777779,34295.6716856535,15660.108066233312,49955.77975188681,4091.4652999999953,428.8221333333339,4.476419235288631e-12,138.7199499999997,1354.13327777778,10800.0,False,False,True
2025-05-21,rolling-7d,D-7,point,8854.133277777779,8574.23394259259,33986.386815164034,12989.079687816647,46975.46650298068,3173.320266666661,587.8665333333333,5.6346038945775945e-12,153.24356666666677,1370.2706296296296,10800.0,False,False,True
2025-05-22,rolling-7d,D-7,point,8574.23394259259,1828.2572592592574,31058.670994707612,7865.641163725,38924.312158432615,2050.5312666666664,815.2179333333336,9.805489753489383e-13,80.37416666666661,1289.3046296296284,10800.0,False,False,True
2025-05-23,rolling-7d,D-7,point,1828.2572592592574,1833.215907407404,13287.84750222299,8767.570351024991,22055.417853247982,2265.5881499999973,873.8382500000002,1.8758328224066645e-12,119.09568333333374,1200.0,10800.0,False,False,True
2025-05-24,rolling-7d,D-7,point,1833.215907407404,9009.44946296296,17413.08436364516,4881.242771116666,22294.32713476183,1202.2579499999995,555.9955833333331,4.561684363579843e-12,278.5045166666666,1200.0000000000005,10800.0,False,False,True
2025-05-25,rolling-7d,D-7,point,9009.44946296296,7210.841722222231,33183.76296003841,7458.621948058329,40642.38490809674,1650.732049999999,969.6057833333332,4.810374321095878e-12,117.53600000000017,1330.5955555555572,10800.0,False,False,True
2025-05-26,rolling-7d,D-7,point,7210.841722222231,8867.795222222223,32456.971465839688,28951.434674666667,61408.406140506355,8031.4821833333335,886.8473333333333,0.0,151.01570000000015,1200.000000000001,10800.0,False,False,True
2025-05-27,rolling-7d,D-7,point,8867.795222222223,8080.408351851851,34504.817299360184,6676.47264395833,41181.289943318516,1649.8995999999997,590.698633333333,0.0,117.3675166666668,1330.4083518518512,10800.0,False,False,True
2025-05-28,rolling-7d,D-7,point,8080.408351851851,8168.151022407414,33683.125053386546,15081.680606833334,48764.80566021988,4413.748733333334,745.1778166666667,1.5276668818842154e-13,99.04960000000005,1310.05511111111,10800.0,False,False,True
2025-05-29,rolling-7d,D-7,point,8168.151022407414,1870.686333333331,30158.448830137524,20760.366758875,50918.81558901252,5059.206033333333,509.9495333333335,0.0,83.45030000000008,1292.7225555555533,10800.0,False,False,True
2025-05-30,rolling-7d,D-7,point,1870.686333333331,1818.6760185185208,13251.045166962986,6698.5256630333315,19949.570829996315,1654.306183333333,655.6941666666663,0.0,138.7272,1200.0,10799.999999999998,False,False,True
2025-05-31,rolling-7d,D-7,point,1818.6760185185208,6846.284579074083,15411.951246096714,10906.991405150004,26318.942651246718,2771.1520333333337,750.67565,0.0,155.82738333333361,1200.0,10800.0,False,False,True
2025-06-01,rolling-7d,D-7,point,6846.284579074083,8700.000000000007,32947.115092694075,89773.47666554166,122720.59175823574,22831.57305,19.743616666666753,3.5349501104064984e-13,0.0,1200.0000000000061,10800.0,False,False,True
2025-06-02,rolling-7d,D-7,point,8700.000000000007,7896.8921433333335,34439.019836626336,66218.49600434168,100657.51584096802,15860.7216,48.0719499999999,1.1368683772161603e-12,2.8421709430404007e-12,1200.0,10800.0,False,False,True
2025-06-03,rolling-7d,D-7,point,7896.8921433333335,8700.0,32598.367019534995,76617.36571583334,109215.73273536834,18894.201566666663,91.77530000000002,4.256150987203e-12,2.6147972675971687e-12,1200.0,10800.0,False,False,True
2025-06-04,rolling-7d,D-7,point,8700.0,8550.000000000005,33533.18954908784,70173.52319516666,103706.7127442545,17449.579316666663,17.66145000000006,4.526157226791838e-12,2.3874235921539366e-12,1200.0,10800.0,False,False,True
2025-06-05,rolling-7d,D-7,point,8550.000000000005,1979.0062962962993,31841.54149430385,67020.89833140835,98862.4398257122,17086.17541666667,40.855150000000094,8.100187187665142e-13,3.979039320256561e-12,1200.0,10800.0,False,False,True
2025-06-06,rolling-7d,D-7,point,1979.0062962962993,2038.8587962962993,13514.964873905701,57741.20023649167,71256.16511039737,14677.156200000001,104.9093499999999,0.0,1.1119993814645568e-12,1200.0,10799.999999999998,False,False,True
2025-06-07,rolling-7d,D-7,point,2038.8587962962993,8700.0,16356.550280942914,57524.53592760001,73881.08620854293,13741.893183333334,81.00031666666666,9.485745522397337e-13,2.319255898441952e-12,1200.0,10800.0,False,False,True
2025-06-08,rolling-7d,D-7,point,8700.0,8553.606444444447,45945.58814726367,7623.711654808329,53569.299802072,2049.548899999999,825.3245666666668,0.0,3.2457999999999174,1203.6064444444473,10800.0,False,False,True
2025-06-09,rolling-7d,D-7,point,8553.606444444447,8700.0,45190.90530393709,16188.70728793335,61379.61259187044,4671.201883333336,897.1893833333327,7.638334409421077e-14,2.1600499167107046e-12,1200.0,10800.0,False,False,True
2025-06-10,rolling-7d,D-7,point,8700.0,8700.000000000002,44484.30337592025,20500.45436030833,64984.75773622858,5712.619366666666,664.5009833333337,1.3891110484109959e-12,0.0,1200.000000000002,10800.0,False,False,True
2025-06-11,rolling-7d,D-7,point,8700.000000000002,8700.000000000004,44931.65088631944,34815.17794713333,79746.82883345278,7815.946349999998,1004.988483333333,7.831513215705854e-13,0.0,1200.0000000000039,10800.0,False,False,True
2025-06-12,rolling-7d,D-7,point,8700.000000000004,2700.619111111111,43448.21820547695,16215.436113058338,59663.65431853529,3912.2279500000013,1347.7562333333335,0.0,0.0,1200.0000000000011,10800.0,False,False,True
2025-06-13,rolling-7d,D-7,point,2700.619111111111,2843.302722222215,20542.961008064332,12014.221730308338,32557.18273837267,2631.613500000001,1056.9614333333334,2.6272317654729704e-12,128.4820833333332,1200.0000000000002,10800.0,False,False,True
2025-06-14,rolling-7d,D-7,point,2843.302722222215,8734.56466666666,22227.547007792768,5102.052677066666,27329.599684859433,1515.9577833333333,567.3110333333327,0.0,166.10819999999978,1200.0,10799.999999999993,False,False,True
2025-06-15,rolling-7d,D-7,point,8734.56466666666,8562.650333333335,42572.79606559278,34050.1071555083,76622.90322110109,7821.0967333333265,1241.48195,5.6132876125047915e-12,11.385299999999802,1212.6503333333385,10800.0,False,False,True
2025-06-16,rolling-7d,D-7,point,8562.650333333335,8700.0,46555.59456265056,18710.145523299998,65265.74008595056,4663.814449999999,1312.994016666667,1.9326762412674725e-12,0.0,1200.0000000000002,10800.0,False,False,True
2025-06-17,rolling-7d,D-7,point,8700.0,8550.000000000004,46509.19166359056,22297.092220875,68806.28388446556,5389.739299999999,998.7759166666658,0.0,5.684341886080801e-13,1200.0,10800.0,False,False,True
2025-06-18,rolling-7d,D-7,point,8550.000000000004,8700.000000000004,50400.81698862459,4191.757904891668,54592.574893516256,1369.3500333333334,1136.9511333333342,7.958078640513122e-13,0.0,1200.0000000000039,10800.0,False,False,True
2025-06-19,rolling-7d,D-7,point,8700.000000000004,2735.4599814814837,44761.22892623146,7379.922750850003,52141.15167708146,1882.4489500000002,1046.6458166666653,2.7284841053187847e-12,1.3642420526593924e-12,1200.0,10800.0,False,False,True
2025-06-20,rolling-7d,D-7,point,2735.4599814814837,2719.429851851851,19236.03867630905,3890.911690875002,23126.95036718405,1235.7283333333337,691.795883333333,4.193978497823991e-12,306.8319333333335,1200.0000000000002,10800.0,False,False,True
2025-06-21,rolling-7d,D-7,point,2719.429851851851,8993.572574074078,22125.668632971094,5888.984436816666,28014.65306978776,1424.9374166666664,957.2869833333331,0.0,264.2153166666666,1200.0000000000005,10800.0,False,False,True
2025-06-22,rolling-7d,D-7,point,8993.572574074078,8550.000000000004,45614.8847140137,7391.454254358342,53006.338968372045,2010.992550000001,731.4790000000004,3.865352482534945e-12,1.3642420526593924e-12,1200.0,10800.0,False,False,True
2025-06-23,rolling-7d,D-7,point,8550.000000000004,8724.0517037037,47618.02013669848,5020.430061358336,52638.45019805682,1322.9539000000007,1118.9042499999991,1.9326762412674725e-12,21.646533333333082,1224.051703703701,10800.0,False,False,True
2025-06-24,rolling-7d,D-7,point,8724.0517037037,8750.253018518519,48948.42905002673,21851.78769245834,70800.21674248506,5247.522666666668,1139.3717166666675,0.0,45.22771666666654,1250.253018518519,10800.0,False,False,True
2025-06-25,rolling-7d,D-7,point,8750.253018518519,8555.10748148148,45922.646198235365,13607.616110258334,59530.2623084937,3371.384216666667,751.6212166666662,6.252776074688882e-13,4.596733333333191,1205.1074814814776,10800.0,False,False,True
2025-06-26,rolling-7d,D-7,point,8555.10748148148,2081.4115740740745,41606.52258554073,14325.790362733378,55932.31294827411,3546.013750000006,928.1550166666673,8.107292615022743e-12,7.16227077646181e-12,1200.0,10800.0,False,False,True
2025-06-27,rolling-7d,D-7,point,2081.4115740740745,2427.5700185185215,18196.419301682,6365.058359449999,24561.477661131998,1559.1741666666662,987.2826666666667,9.876544027065393e-13,59.85904999999991,1200.0000000000007,10800.0,False,False,True
2025-06-28,rolling-7d,D-7,point,2427.5700185185215,9104.638444444441,20513.98371967191,12328.019703641656,32842.00342331357,3074.0219666666635,867.3835166666665,2.8990143619012088e-12,364.17460000000005,1200.0,10800.0,False,False,True
2025-06-29,rolling-7d,D-7,point,9104.638444444441,8565.631481481487,43556.484677075045,21372.228134008325,64928.71281108337,5148.389866666665,980.1423999999996,1.2647660696529783e-12,14.068333333333271,1215.6314814814816,10800.0,False,False,True
2025-06-30,rolling-7d,D-7,point,8565.631481481487,8572.562999999998,44161.430390164096,22844.22155129166,67005.65194145576,6046.075866666665,945.5597500000014,1.673328142715036e-12,20.30669999999975,1222.5630000000003,10800.0,False,False,True
2025-07-01,rolling-7d,D-7,point,8572.562999999998,8550.000000000004,50025.6553778663,28512.679916233334,78538.33529409964,8114.630749999999,0.0,2.9842794901924208e-12,0.0,1200.000000000003,10800.0,False,False,True
2025-07-02,rolling-7d,D-7,point,8550.000000000004,8549.999999999998,45514.67931628637,33894.53534787499,79409.21466416135,9450.348349999998,0.0,3.865352482534945e-12,0.0,1200.000000000002,10800.0,False,False,True
2025-07-03,rolling-7d,D-7,point,8549.999999999998,2298.795648148148,41038.990344463906,49635.53245089167,90674.52279535557,13523.502433333335,0.0,1.2150280781497713e-12,0.0,1200.0000000000002,10800.0,False,False,True
2025-07-04,rolling-7d,D-7,point,2298.795648148148,2294.5590370370364,17464.095259568003,38312.325629775,55776.420889343004,10439.080949999998,0.0,1.2647660696529783e-12,7.958078640513122e-13,1200.0,10800.0,False,False,True
2025-07-05,rolling-7d,D-7,point,2294.5590370370364,8700.0,20586.140677635,37562.98969299167,58149.13037062668,10072.907366666668,0.0,0.0,4.3165471197426086e-13,1200.0,10800.0,False,False,True
2025-07-06,rolling-7d,D-7,point,8700.0,8700.0,44667.13897941988,51844.49384583333,96511.63282525321,13185.279833333332,0.0,3.069544618483633e-12,0.0,1200.0000000000002,10800.0,False,False,True
2025-07-07,rolling-7d,D-7,point,8700.0,8550.000000000004,45142.459223298436,32197.912889733336,77340.37211303177,9025.013033333333,20.278333333333308,0.0,0.0,1200.0000000000048,10800.0,False,False,True
2025-07-08,rolling-7d,D-7,point,8550.000000000004,8700.000000000004,51789.46262056257,11549.808124833333,63339.2707453959,2826.7551166666667,976.5745666666668,2.19824158875781e-12,0.0,1200.000000000003,10800.0,False,False,True
2025-07-09,rolling-7d,D-7,point,8700.000000000004,8700.000000000002,47971.57620403,17849.484302133333,65821.06050616334,4277.247983333333,1193.1768499999996,0.0,0.0,1200.000000000002,10800.0,False,False,True
2025-07-10,rolling-7d,D-7,point,8700.000000000002,2804.1512037037,49843.1052962606,6420.131670166662,56263.236966427256,1707.146583333332,1566.557016666667,3.6131098113401094e-12,0.0,1200.0000000000011,10800.0,False,False,True
2025-07-11,rolling-7d,D-7,point,2804.1512037037,3260.7262037037026,24199.32228343406,13001.10515045833,37200.427433892386,4035.5622666666663,680.3469666666667,0.0,319.5212999999999,1200.0,10799.999999999998,False,False,True
2025-07-12,rolling-7d,D-7,point,3260.7262037037026,8796.349296296296,27082.62829517463,10967.341816775002,38049.97011194963,2878.5755166666668,682.3729000000008,1.1119993814645568e-12,86.71436666666659,1200.0000000000002,10800.0,False,False,True
2025-07-13,rolling-7d,D-7,point,8796.349296296296,8700.000000000004,53033.69301286564,4226.283284491667,57259.97629735731,1002.6186166666665,1174.5901666666673,3.157967714489334e-14,0.0,1200.0000000000048,10800.0,False,False,True
2025-07-14,rolling-7d,D-7,point,8700.000000000004,8700.0,48169.22962264834,10741.803009300005,58911.03263194834,2293.833083333335,1065.2437833333322,0.0,2.1600499167107046e-12,1200.0,10800.0,False,False,True
2025-07-15,rolling-7d,D-7,point,8700.0,8550.0,50394.938762800004,13582.52315319998,63977.461915999986,4440.60613333333,1583.7206166666658,4.447997525858227e-12,1.3642420526593924e-12,1200.0,10800.0,False,False,True
2025-07-16,rolling-7d,D-7,point,8550.0,8700.0,48982.92410227353,10098.11390474167,59081.0380070152,2779.3477000000007,1268.9026499999936,2.374989094278135e-12,5.4569682106375694e-12,1200.0,10800.0,False,False,True
2025-07-17,rolling-7d,D-7,point,8700.0,3287.195351851855,46031.98578246713,11599.371851391666,57631.357633858795,3084.72025,1351.5772166666661,0.0,0.0,1200.000000000002,10800.0,False,False,True
2025-07-18,rolling-7d,D-7,point,3287.195351851855,3217.601518518521,23965.808664878397,9493.136184183331,33458.94484906173,2074.854683333333,1008.8074499999998,0.0,288.9977666666671,1200.0000000000002,10799.999999999998,False,False,True
2025-07-19,rolling-7d,D-7,point,3217.601518518521,8842.9527037037,27081.374858714466,4063.5061471000004,31144.881005814466,1145.2270000000003,786.9907833333332,9.521272659185342e-13,128.6574333333332,1200.0000000000007,10800.0,False,False,True
2025-07-20,rolling-7d,D-7,point,8842.9527037037,8550.000000000004,46441.29152056445,19060.925166766665,65502.21668733112,5575.8016,1233.2690833333334,0.0,0.0,1200.000000000012,10800.0,False,False,True
2025-07-21,rolling-7d,D-7,point,8550.000000000004,8700.000000000007,47786.58387926044,17952.13321430834,65738.71709356878,5018.641566666668,1472.2957333333331,3.5349501104064984e-13,0.0,1200.0000000000084,10800.0,False,False,True
2025-07-22,rolling-7d,D-7,point,8700.000000000007,8550.0,47924.06139514209,18212.753961550003,66136.8153566921,4527.698700000001,901.6212166666661,0.0,5.684341886080801e-13,1200.0,10800.0,False,False,True
2025-07-23,rolling-7d,D-7,point,8550.0,8549.999999999998,47800.14098225321,22148.067978141666,69948.20896039487,5196.3933,1145.3963333333336,4.547473508864641e-13,0.0,1200.000000000002,10800.0,False,False,True
2025-07-24,rolling-7d,D-7,point,8549.999999999998,2646.6471851851898,45746.312915872746,17626.182769891664,63372.495685764414,4797.912199999999,1341.3190166666677,1.1368683772161603e-12,0.0,1200.0000000000048,10800.0,False,False,True
2025-07-25,rolling-7d,D-7,point,2646.6471851851898,2352.966129629627,23152.33965488625,5686.18749440834,28838.52714929459,1434.420366666668,768.2306833333323,0.0,201.78524999999996,1200.0,10799.999999999998,False,False,True
2025-07-26,rolling-7d,D-7,point,2352.966129629627,8739.029129629627,26982.605650893704,10682.263205066669,37664.868855960376,3018.405283333334,1126.391766666667,0.0,170.1262166666673,1200.0,10799.999999999998,False,False,True
2025-07-27,rolling-7d,D-7,point,8739.029129629627,8549.999999999996,47416.12323525858,19151.44008404998,66567.56331930857,4522.396616666662,933.6397499999997,5.355715870791755e-12,0.0,1200.000000000002,10800.0,False,False,True
2025-07-28,rolling-7d,D-7,point,8549.999999999996,8700.000000000004,49012.189992489824,22384.311830091665,71396.50182258149,5492.6369166666655,1046.8530166666665,2.8421709430404007e-13,0.0,1200.0000000000039,10800.0,False,False,True
2025-07-29,rolling-7d,D-7,point,8700.000000000004,8550.000000000004,48615.03693395362,19313.31942951669,67928.35636347032,5206.7757166666715,1350.6457,0.0,2.1600499167107046e-12,1200.0,10800.0,False,False,True
2025-07-30,rolling-7d,D-7,point,8550.000000000004,8550.000000000004,49298.36520725274,13168.051113749998,62466.41632100274,3275.970166666666,1017.8783166666666,9.947598300641403e-14,0.0,1200.0000000000011,10800.0,False,False,True
2025-07-31,rolling-7d,D-7,point,8550.000000000004,2553.0632183333373,45980.56038833701,20168.624256583327,66149.18464492034,4606.696016666665,1303.675033333333,2.6716406864579767e-12,0.0,1200.000000000003,10800.0,False,False,True
2025-08-01,rolling-7d,D-7,point,2553.0632183333373,2849.7564423306017,23188.198258604152,4262.35138490833,27450.54964351248,1241.0162666666656,912.1061000000008,1.2126966097980585e-12,92.65053333333373,1200.0,10800.0,False,False,True
2025-08-02,rolling-7d,D-7,point,2849.7564423306017,8770.37164814815,26099.85476425724,3972.5286407166623,30072.3834049739,1018.6046499999991,1409.6192333333336,6.252776074688882e-13,198.3344833333332,1200.0000000000002,10800.0,False,False,True
2025-08-03,rolling-7d,D-7,point,8770.37164814815,8550.000000000002,48594.46176623996,4524.825667125,53119.28743336496,1103.1572666666668,876.8768500000007,1.5205614545266144e-12,1.8189894035458565e-12,1200.0,10800.0,False,False,True
2025-08-04,rolling-7d,D-7,point,8550.000000000002,8700.000000000007,51349.691573358876,3173.550620075,54523.24219343388,935.1543499999998,1317.913816666666,0.0,0.0,1200.0000000000075,10800.0,False,False,True
2025-08-05,rolling-7d,D-7,point,8700.000000000007,8700.0,49853.747860390285,4580.017731449997,54433.76559184028,1247.103833333333,1272.2735333333335,1.5170087408478139e-12,0.0,1200.0000000000002,10800.0,False,False,True
2025-08-06,rolling-7d,D-7,point,8700.0,8550.0,48872.80077711556,9472.228468108333,58345.029245223894,2412.3364500000002,1387.1525500000005,0.0,6.323830348264892e-13,1200.0,10800.0,False,False,True
2025-08-07,rolling-7d,D-7,point,8550.0,2131.081444444446,46454.51213208099,3921.7025886499987,50376.21472073099,1346.5257666666664,1150.9124833333312,3.0375701953744283e-13,2.1600499167107046e-12,1200.0,10800.0,False,False,True
2025-08-08,rolling-7d,D-7,point,2131.081444444446,2699.1307222222244,22784.60724957202,6328.557640108337,29113.164889680356,1599.8877833333343,1538.6669500000003,9.663381206337363e-13,253.13496666666651,1200.0,10800.0,False,False,True
2025-08-09,rolling-7d,D-7,point,2699.1307222222244,8311.203685185186,25018.07041238755,6678.30971485,31696.38012723755,2020.1182333333334,857.1600000000002,0.0,325.0833166666664,1200.0000000000005,10800.0,False,False,True
2025-08-10,rolling-7d,D-7,point,8311.203685185186,8700.0,43013.400721414255,20403.66398389167,63417.06470530592,5290.693799999999,1475.9962166666683,4.245492846166599e-12,2.1600499167107046e-12,1200.0,10800.0,False,False,True
2025-08-11,rolling-7d,D-7,point,8700.0,8550.000000000011,43878.69337838901,13257.62694707504,57136.320325464054,3095.5164166666723,1029.887266666667,9.947598300641403e-14,5.4569682106375694e-12,1200.0,10800.0,False,False,True
2025-08-12,rolling-7d,D-7,point,8550.000000000011,8550.0,43489.075856059135,20560.22591278333,64049.301768842466,4801.663616666666,1032.541483333333,0.0,0.0,1200.0000000000048,10800.0,False,False,True
2025-08-13,rolling-7d,D-7,point,8550.0,7987.422558333338,45362.803202898525,12654.148935366655,58016.95213826518,3247.0023333333306,1235.1616833333333,1.4672707493446069e-12,0.0,1200.000000000003,10800.0,False,False,True
2025-08-14,rolling-7d,D-7,point,7987.422558333338,2845.9932037037056,40534.6151539235,21506.518832674978,62041.13398659848,5178.595799999996,1434.57665,3.893774191965349e-12,0.0,1200.0000000000039,10800.0,False,False,True
2025-08-15,rolling-7d,D-7,point,2845.9932037037056,2965.7555185185156,22125.0709829709,8235.331590349999,30360.4025733209,2281.976733333333,641.8926499999995,7.105427357601002e-14,167.7503833333334,1200.0000000000002,10800.0,False,False,True
2025-08-16,rolling-7d,D-7,point,2965.7555185185156,8873.735277777774,25075.715940511956,6917.7752153833335,31993.491155895288,1624.596666666667,736.6311833333332,0.0,156.3617499999998,1200.0000000000002,10800.0,False,False,True
2025-08-17,rolling-7d,D-7,point,8873.735277777774,8700.000000000007,43723.5351665138,10381.221501441667,54104.756667955466,2491.151483333334,1057.0220166666672,0.0,0.0,1200.0000000000075,10800.0,False,False,True
2025-08-18,rolling-7d,D-7,point,8700.000000000007,8549.999999999996,43438.90368552408,17060.656881074996,60499.56056659907,3898.4858833333324,1347.2721166666665,0.0,0.0,1200.0000000000011,10799.999999999996,False,False,True
2025-08-19,rolling-7d,D-7,point,8549.999999999996,8700.0,45557.244088837426,7420.073274599979,52977.3173634374,1877.9301166666626,993.8561166666634,5.300648808770347e-12,3.865352482534945e-12,1200.0,10800.0,False,False,True
2025-08-20,rolling-7d,D-7,point,8700.0,8550.000000000004,43903.693021235944,28164.456513633337,72068.14953486928,6696.3801,1201.522833333328,0.0,4.661160346586257e-12,1200.0,10800.0,False,False,True
2025-08-21,rolling-7d,D-7,point,8550.000000000004,2996.1120740740703,41868.705233795336,15161.803599299998,57030.50883309533,3959.5552166666653,942.9241166666654,0.0,1.3642420526593924e-12,1200.0,10800.0,False,False,True
2025-08-22,rolling-7d,D-7,point,2996.1120740740703,2856.1310740740737,22261.508190875327,14691.765648974997,36953.27383985033,3590.3085666666657,884.0692166666668,1.1155520951433573e-12,129.9982500000002,1200.0000000000005,10800.0,False,False,True
2025-08-23,rolling-7d,D-7,point,2856.1310740740737,8249.07949444445,24931.563249192226,12431.638494949997,37363.20174414222,2982.6881333333326,747.7308500000004,5.684341886080801e-13,158.3839999999998,1200.0000000000005,10800.0,False,False,True
2025-08-24,rolling-7d,D-7,point,8249.07949444445,8700.000000000004,43240.442946875184,19112.618050358327,62353.06099723351,4433.6680333333325,1238.15835,2.4726887204451486e-12,0.0,1200.000000000003,10800.0,False,False,True
2025-08-25,rolling-7d,D-7,point,8700.000000000004,7950.000000000007,43244.61243081161,30600.339631625004,73844.95206243661,8488.369266666668,1251.6953166666667,0.0,0.0,1200.0000000000075,10800.0,False,False,True
2025-08-26,rolling-7d,D-7,point,7950.000000000007,8700.000000000002,43850.13510617179,17910.61893224166,61760.75403841345,4101.294283333332,1679.0559833333339,1.6182610806936282e-12,0.0,1200.000000000002,10800.0,False,False,True
2025-08-27,rolling-7d,D-7,point,8700.000000000002,8549.999999999998,46771.5379511058,9285.47042113333,56057.00837223913,2240.061516666665,1120.2755000000006,3.3715252811816754e-12,1.3642420526593924e-12,1200.0,10800.0,False,False,True
2025-08-28,rolling-7d,D-7,point,8549.999999999998,2796.7964629629587,41318.26493086611,31084.473977508336,72402.73890837445,7461.508966666667,1502.709799999996,3.666400516522117e-12,3.865352482534945e-12,1200.0,10800.0,False,False,True
2025-08-29,rolling-7d,D-7,point,2796.7964629629587,3130.15962962963,23305.86980524768,11599.809482424998,34905.679287672676,2668.2418666666667,1405.9023666666667,0.0,347.49114999999995,1200.0000000000005,10800.0,False,False,True
2025-08-30,rolling-7d,D-7,point,3130.15962962963,8126.804444444444,25046.764915299013,7813.663950774999,32860.42886607401,1968.2223833333328,767.3053500000003,3.0055957722652238e-12,159.12400000000054,1200.0,10800.0,False,False,True
2025-08-31,rolling-7d,D-7,point,8126.804444444444,8550.000000000004,44040.47871483796,19959.706135216675,64000.18485005463,5691.180000000001,1773.5259166666679,0.0,1.4779288903810084e-12,1200.0,10799.999999999998,False,False,True
2025-09-01,rolling-7d,D-7,point,8550.000000000004,8857.110833333332,47183.34893254839,895.5796595416666,48078.92859209006,199.19429999999988,7616.677083333334,5.5209170568559784e-12,276.39974999999924,1507.110833333325,10800.0,False,False,True
2025-09-02,rolling-7d,D-7,point,8857.110833333332,8907.782833333331,44258.49578476131,4850.721364716665,49109.217149477976,1186.54655,7175.627233333334,0.0,187.00454999999943,1407.78283333333,10800.0,False,False,True
2025-09-03,rolling-7d,D-7,point,8907.782833333331,9091.265370370373,45720.78543852852,1251.2791709083308,46972.06460943685,324.98221666666564,6871.194216666667,2.4380497620768438e-12,352.13883333333285,1591.2653703703718,10800.0,False,False,True
2025-09-04,rolling-7d,D-7,point,9091.265370370373,4185.577277777784,44493.8809528684,1766.2309499,46260.111902768396,450.8516000000001,7605.914883333334,0.0,252.21709999999962,1480.241222222231,10800.0,False,False,True
2025-09-05,rolling-7d,D-7,point,4185.577277777784,4245.327666666668,22487.66630774691,455.23239648333396,22942.898704230243,193.12510000000017,5908.622183333333,4.110390946501262,1417.8300166666666,1203.6993518518516,10800.0,False,False,True
2025-09-06,rolling-7d,D-7,point,4245.327666666668,10586.32159259259,25357.967000096665,5478.8643332916645,30836.83133338833,1204.9060499999994,6534.6009,64.70491769547557,1750.1004166666664,1258.234425925927,10800.0,False,False,True
2025-09-07,rolling-7d,D-7,point,10586.32159259259,8719.03343259259,43976.31203691797,5711.469297524998,49687.78133444297,1228.0942666666663,7055.223983333335,1.1937117960769683e-12,291.72441666666623,1524.1382407407486,10800.0,False,False,True
2025-09-08,rolling-7d,D-7,point,8719.03343259259,8935.787574074071,35432.844253385614,31139.666749783322,66572.51100316894,7185.950749999997,603.523616666667,3.966604822380759e-12,212.20881666666673,1435.7875740740699,10800.0,False,False,True
2025-09-09,rolling-7d,D-7,point,8935.787574074071,8528.179596851853,35553.04205627558,13289.873254944358,48842.91531121994,3219.1547417695506,760.4874833333337,36.23100823045045,236.4485333333331,1430.1126851851984,10800.0,False,False,True
2025-09-10,rolling-7d,D-7,point,8528.179596851853,8190.234870370376,36813.94059961982,33582.06297061666,70396.00357023647,7646.241749999999,1111.6209666666664,1.2896350654045818e-12,216.21138333333306,1440.2348703703753,10800.0,False,False,True
2025-09-11,rolling-7d,D-7,point,8190.234870370376,3280.2319814814837,34230.41383621432,14359.63916396667,48590.05300018099,3116.6024666666676,664.2068666666673,2.0463630789890885e-12,187.15308333333303,1200.0000000000007,10800.0,False,False,True
2025-09-12,rolling-7d,D-7,point,3280.2319814814837,3748.735333333333,16239.833391506028,14875.971582633334,31115.804974139362,3624.9026333333336,419.82685,9.094947017729282e-13,384.4842499999999,1200.0,10800.0,False,False,True
2025-09-13,rolling-7d,D-7,point,3748.735333333333,8955.97401851852,18645.493782665988,9758.237640953706,28403.731423619694,2315.238931481482,744.7288833333337,13.73851851851878,376.5048166666666,1212.364666666667,10800.0,False,False,True
2025-09-14,rolling-7d,D-7,point,8955.97401851852,8887.854740740739,36145.82192620088,25499.57543596123,61645.39736216211,6155.929702674901,726.6283333333331,6.706213991768715,174.5012999999998,1387.8547407407377,10800.0,False,False,True
2025-09-15,rolling-7d,D-7,point,8887.854740740739,7991.496388888896,38617.10268758672,11214.147489625004,49831.250177211725,2617.2596000000003,1120.8203833333346,2.411503095976918e-12,37.34674999999993,1241.4963888888963,10800.0,False,False,True
2025-09-16,rolling-7d,D-7,point,7991.496388888896,8644.986703703698,37038.233730011285,25433.368178316654,62471.60190832794,6849.90763333333,485.8123166666661,0.0,85.48803333333319,1200.000000000001,10799.999999999998,False,False,True
2025-09-17,rolling-7d,D-7,point,8644.986703703698,8875.749574074089,40021.61533775033,8928.95311028333,48950.56844803366,2296.7373666666654,811.9635500000006,2.4513724383723456e-12,158.17461666666668,1200.000000000002,10800.0,False,False,True
2025-09-18,rolling-7d,D-7,point,8875.749574074089,3856.8665,34168.34309127944,25116.819641090657,59285.162732370096,6134.994812139921,648.2360666666675,45.88563786007755,105.66376666666656,1241.297074074072,10800.0,False,False,True
2025-09-19,rolling-7d,D-7,point,3856.8665,3947.323851851856,16883.19738292025,13053.844637041664,29937.042019961915,3189.360266666666,975.3269999999999,5.400124791776761e-13,262.50714999999985,1200.0,10800.0,False,False,True
2025-09-20,rolling-7d,D-7,point,3947.323851851856,8923.565796296301,19290.745666471605,19546.42992103982,38837.175587511425,4340.960773868314,871.44445,22.213909465020947,219.20248333333308,1219.9925185185189,10800.0,False,False,True
2025-09-21,rolling-7d,D-7,point,8923.565796296301,8662.835016117067,39225.77799572904,8486.147885725,47711.92588145404,2318.4635166666676,885.6812499999995,2.6432189770275727e-12,101.55151666666688,1312.8350185185159,10800.0,False,False,True
2025-09-22,rolling-7d,D-7,point,8662.835016117067,8816.150148148155,37489.23791432044,23095.714042208336,60584.95195652878,6417.182333333334,632.4720333333336,46.977880658433996,142.58721666666634,1242.2800925925912,10800.0,False,False,True
2025-09-23,rolling-7d,D-7,point,8816.150148148155,8845.569870370371,39184.850116113266,22352.716173508303,61537.566289621565,4913.930083333327,1286.2566666666667,7.37720995402924e-12,131.0128833333332,1345.5698703703715,10800.0,False,False,True
2025-09-24,rolling-7d,D-7,point,8845.569870370371,8885.745388888896,39319.535216566284,11995.163600408338,51314.69881697462,3414.1705500000016,731.2191999999995,57.10082304526655,213.42251666666664,1251.3907407407407,10800.0,False,False,True
2025-09-25,rolling-7d,D-7,point,8885.745388888896,4235.55118518519,36794.84442517284,14529.92902095908,51324.77344613192,4029.3930905349853,1003.7806333333328,17.812242798350525,293.59183333333317,1216.0310185185178,10800.0,False,False,True
2025-09-26,rolling-7d,D-7,point,4235.55118518519,4530.369016288736,17346.669051226057,9278.461792766662,26625.13084399272,2196.7299499999995,1039.4065166666667,18.800144032928884,244.0871000000003,1216.9201296296299,10800.0,False,False,True
2025-09-27,rolling-7d,D-7,point,4530.369016288736,8889.277870370373,19408.549470661066,12882.374904208335,32290.9243748694,3295.6466166666664,841.1746333333331,0.0,170.35008333333332,1200.0000000000002,10799.999999999998,False,False,True
2025-09-28,rolling-7d,D-7,point,8889.277870370373,8669.580574074078,38435.93451008907,29185.85826706667,67621.79277715574,6843.040400000001,1017.0144833333335,3.268496584496461e-13,107.62251666666623,1319.5805740740761,10800.0,False,False,True
2025-09-29,rolling-7d,D-7,point,8669.580574074078,8895.44533333333,40024.43944735598,16848.095938400005,56872.53538575598,3927.7855833333347,1040.6803,0.0,175.9008000000003,1200.0,10800.0,False,False,True
2025-09-30,rolling-7d,D-7,point,8895.44533333333,8746.294092592596,41148.83236013753,18618.16489977376,59766.997259911295,4587.413785390946,795.0516666666664,19.380164609054443,192.36261666666655,1217.4421481481497,10800.0,False,False,True
2025-10-01,rolling-7d,D-7,point,8746.294092592596,9388.934185185177,40144.866596409636,2283.3323356666574,42428.198932076295,581.0814499999981,2268.1929666666747,2.0090595853616833e-12,755.0407666666587,1200.0,10800.0,False,False,True
2025-10-02,rolling-7d,D-7,point,9388.934185185177,5123.886129629633,37559.039578437114,2373.652359216663,39932.69193765378,724.1276499999994,2532.048550000006,3.941735826629156e-12,808.4366166666616,1200.0000000000016,10800.0,False,False,True
2025-10-03,rolling-7d,D-7,point,5123.886129629633,5670.521592592593,16772.91109494337,1613.2513139083335,18386.162408851706,542.9482166666668,1684.1736166666665,1.3002932064409833e-12,1030.1681666666664,1200.000000000001,10800.0,False,False,True
2025-10-04,rolling-7d,D-7,point,5670.521592592593,9963.539796296296,19839.72528011667,6044.538717891668,25884.263998008337,1432.1762500000004,1667.0387666666666,32.01119341563882,1298.1148833333334,1228.8100740740745,10800.0,False,False,True
2025-10-05,rolling-7d,D-7,point,9963.539796296296,9647.681703703705,40994.73880662729,1399.9362219916668,42394.675028618956,533.7522999999999,1769.9707666666675,16.446502057619675,866.2352000000001,1214.8018518518563,10800.0,False,False,True
2025-10-06,rolling-7d,D-7,point,9647.681703703705,9472.128703703707,41060.60464167994,1961.4999972,43022.104638879944,684.1416833333338,2006.2286833333337,112.75286008230873,786.2456500000002,1301.4775740740752,10800.0,False,False,True
2025-10-07,rolling-7d,D-7,point,9472.128703703707,9449.590108715278,42920.520822528895,1521.7289509749992,44442.24977350389,554.0251833333331,2354.58095,0.0,809.6311000000009,1200.0,10800.0,False,False,True
2025-10-08,rolling-7d,D-7,point,9449.590108715278,8745.619203703705,33933.70868085105,26494.555841758338,60428.26452260939,7005.103383333335,478.6067333333334,14.635802469139954,52.91228333333345,1213.1722222222238,10800.0,False,False,True
2025-10-09,rolling-7d,D-7,point,8745.619203703705,4343.869759259263,32131.75824507601,19012.7359927614,51144.49423783741,4678.124413580243,447.45634999999953,82.08641975308767,107.10910000000001,1245.132333333333,10800.0,False,False,True
2025-10-10,rolling-7d,D-7,point,4343.869759259263,5057.256312584472,14785.956053003101,10360.245434024997,25146.2014870281,2651.492999999999,292.8893166666666,18.334732510288234,174.31941666666648,1216.5012592592595,10800.0,False,False,True
2025-10-11,rolling-7d,D-7,point,5057.256312584472,8664.60288888889,17103.96599397617,7468.810747141668,24572.776741117836,1702.8060166666671,646.9945000000005,119.92831275720414,200.28453333333346,1307.935481481482,10800.0,False,False,True
2025-10-12,rolling-7d,D-7,point,8664.60288888889,8791.008648148145,35683.77622709777,19266.424842231358,54950.20106932912,5028.80973806584,830.9197166666663,7.323045267495154,87.83944999999983,1206.5907407407433,10800.0,False,False,True
2025-10-13,rolling-7d,D-7,point,8791.008648148145,8607.447981481477,37406.605987094066,7466.900313703093,44873.50630079716,1742.9576969135815,644.1642166666676,2.9714197530856996,54.11003333333315,1202.6742777777774,10800.0,False,False,True
2025-10-14,rolling-7d,D-7,point,8607.447981481477,8769.424574074068,37574.52335715672,15970.433358891667,53544.956716048386,3843.4589499999997,442.17375000000015,37.67901234568415,93.00211666666678,1233.9111111111133,10800.0,False,False,True
2025-10-15,rolling-7d,D-7,point,8769.424574074068,8638.214333333337,36646.375694295384,25703.03821216185,62349.41390645724,6048.82324465021,407.6570333333334,40.92423868312429,112.54153333333329,1236.8318148148153,10800.0,False,False,True
2025-10-16,rolling-7d,D-7,point,8638.214333333337,5015.196370370384,35016.38843879719,32552.825237728986,67569.21367652618,7951.256704320983,496.83426666666657,11.295679012350117,96.63209999999981,1210.1661111111114,10800.0,False,False,True
2025-10-17,rolling-7d,D-7,point,5015.196370370384,5262.270516192107,15797.195921904316,12858.125017166667,28655.32093907098,3168.4756833333336,556.6816333333334,49.04320987654505,190.25378333333344,1244.1388888888896,10800.0,False,False,True
2025-10-18,rolling-7d,D-7,point,5262.270516192107,9002.627629629627,17402.13328457679,8766.975242934464,26169.108527511256,2389.6096855967075,438.88636666666673,51.87218106995816,449.38133333333343,1246.6849629629633,10800.0,False,False,True
2025-10-19,rolling-7d,D-7,point,9002.627629629627,8807.488259259257,37878.21411186784,27163.14849275029,65041.36260461813,6410.537202263372,493.20113333333313,48.81718106996194,136.28134999999986,1243.9354629629654,10800.0,False,False,True
2025-10-20,rolling-7d,D-7,point,8807.488259259257,8838.663462962966,37456.6862666397,32833.28674205782,70289.97300869752,8136.671494855967,539.0195666666667,39.5329218106994,156.8187833333336,1235.5796296296323,10800.0,False,False,True
2025-10-21,rolling-7d,D-7,point,8838.663462962966,8736.132555555556,39606.587151924134,24845.44348363878,64452.030635562915,6534.667537860082,652.1842999999998,43.08602880658532,202.41898333333336,1238.7774259259254,10800.0,False,False,True
2025-10-22,rolling-7d,D-7,point,8736.132555555556,8803.369592592588,40040.921116289814,22416.363513624994,62457.28462991481,5182.537183333331,604.2720499999999,18.348971193414727,107.89530000000013,1216.514074074074,10800.0,False,False,True
2025-10-23,rolling-7d,D-7,point,8803.369592592588,5193.359499999993,39578.40404100496,9839.903147939094,49418.30718894405,2528.754623868312,753.4321833333333,9.687242798356163,139.31365000000017,1208.71851851852,10800.0,False,False,True
2025-10-24,rolling-7d,D-7,point,5193.359499999993,5224.213888888892,15901.420593473462,11629.078723542083,27530.499317015543,2755.372557818931,531.4118500000006,13.768292181069494,188.35235,1212.391462962963,10800.0,False,False,True
2025-10-25,rolling-7d,D-7,point,5224.213888888892,8619.631018518523,17651.356487301895,12034.93336171204,29686.289849013934,2794.610239506173,635.2761666666668,115.8238271604935,156.4852166666666,1269.631018518519,10800.0,False,False,True
2025-10-26,rolling-7d,D-7,point,8619.631018518523,8796.524537037036,41891.77226430183,10712.593272563181,52604.36553686501,2901.2295921810723,665.7150166666663,25.430041152262802,242.47041666666667,1222.8870370370394,10800.0,False,False,True
2025-10-27,rolling-7d,D-7,point,8796.524537037036,8682.85014814815,42025.84898632995,11286.8462031182,53312.695189448146,2817.427672427981,544.2152833333324,15.183127572018495,131.86346666666645,1213.6648148148151,10800.0,False,False,True
2025-10-28,rolling-7d,D-7,point,8682.85014814815,8734.560314814824,43068.014667081596,10271.97862646666,53339.99329354826,2523.332599999999,766.5751000000004,63.136172839508816,82.24458333333325,1234.5603148148234,10800.0,False,False,True
2025-10-29,rolling-7d,D-7,point,8734.560314814824,8623.695759259263,42881.88620874944,18450.957651807406,61332.84386055685,4737.439225925926,711.6083999999994,58.06574074074065,113.35943333333353,1252.2591666666672,10800.0,False,False,True
2025-10-30,rolling-7d,D-7,point,8623.695759259263,6041.412981481489,40195.0489542061,13390.77873228333,53585.82768648943,3330.7221999999997,700.9028166666675,30.736625514404295,177.5271666666664,1227.6629629629654,10800.0,False,False,True
2025-10-31,rolling-7d,D-7,point,6041.412981481489,5625.603611111112,16755.306748725285,14173.18639052313,30928.493139248414,3804.115518518514,565.0887833333331,88.69481481481816,266.66941666666673,1279.8253333333334,10800.0,False,False,True
2025-11-01,rolling-7d,D-7,point,5625.603611111112,8945.345092592594,18143.132468521748,12081.770721669445,30224.903190191195,3187.985180864198,659.5066166666671,29.09413580246826,379.3768333333333,1226.1847222222207,10800.0,False,False,True
2025-11-02,rolling-7d,D-7,point,8945.345092592594,8717.66375925926,41859.851754718955,21280.72465421327,63140.576408932226,5037.552451234568,612.1603833333332,41.100432098764,49.18873333333363,1217.6637592592588,10800.0,False,False,True
2025-11-03,rolling-7d,D-7,point,8717.66375925926,8886.623925925927,41958.70490489044,23265.228124583322,65223.93302947376,6993.865416666664,505.68141666666645,143.80804526749085,284.4460500000001,1329.427240740742,10800.0,False,False,True
2025-11-04,rolling-7d,D-7,point,8886.623925925927,8725.117037037038,43056.7151772077,13786.743842024996,56843.459019232694,3471.6176499999992,603.9918666666658,1.7177370637000422e-12,22.60533333333342,1200.0000000000007,10800.0,False,False,True
2025-11-05,rolling-7d,D-7,point,8725.117037037038,8905.26925925926,45453.147934797445,8440.496269108335,53893.64420390578,2363.6112666666663,625.4772833333338,20.80331275720198,201.5930166666667,1218.7229814814823,10800.0,False,False,True
2025-11-06,rolling-7d,D-7,point,8905.26925925926,6175.935518518509,41235.49389544874,29440.8907400755,70676.38463552424,7422.526581893001,442.2741166666666,27.374218107000353,138.78764999999999,1224.6367962962977,10800.0,False,False,True
2025-11-07,rolling-7d,D-7,point,6175.935518518509,6097.579907407402,17269.573880531956,11306.854198266665,28576.42807879862,2664.4588499999995,537.7656000000003,34.137283950616705,164.20906666666662,1230.7235555555549,10800.0,False,False,True
2025-11-08,rolling-7d,D-7,point,6097.579907407402,8689.93266666667,18266.48778487484,7871.451920600001,26137.93970547484,1918.1622666666676,649.7867666666664,6.155288065845198,130.92518333333345,1205.53975925926,10800.0,False,False,True
2025-11-09,rolling-7d,D-7,point,8689.93266666667,8893.178296296295,45222.99429502071,14104.959125867892,59327.9534208886,3774.2471983539062,634.9999499999996,63.55553497942708,225.34045000000026,1257.1999814814862,10800.0,False,False,True
2025-11-10,rolling-7d,D-7,point,8893.178296296295,8611.516962962964,45039.33632235773,22278.54275793333,67317.87908029107,5202.653033333332,727.9780166666667,1.9326762412674725e-12,55.36526666666657,1200.0000000000025,10800.0,False,False,True
2025-11-11,rolling-7d,D-7,point,8611.516962962964,8886.851259259263,44518.64350674056,19054.698137823256,63573.341644563814,4856.3567670781895,627.1898000000009,95.1490329218083,245.23684999999966,1285.63412962963,10800.0,False,False,True
2025-11-12,rolling-7d,D-7,point,8886.851259259263,8576.928703703697,45487.979516255975,14028.47851769548,59516.45803395145,2988.0986002057634,794.7119666666675,70.14534979423738,81.0535666666666,1226.928703703698,10800.0,False,False,True
2025-11-13,rolling-7d,D-7,point,8576.928703703697,6975.371259259256,46183.99466168541,14964.882864833315,61148.87752651872,3823.9390666666613,1021.9430500000002,3.979039320256561e-12,0.6622499999999718,1200.0000000000032,10800.0,False,False,True
2025-11-14,rolling-7d,D-7,point,6975.371259259256,6475.681574074072,17374.39905609823,15215.016588592898,32589.41564469113,4321.874465020575,753.9186499999998,114.23386831275755,245.91043333333323,1302.8104814814815,10800.0,False,False,True
2025-11-15,rolling-7d,D-7,point,6475.681574074072,8807.290574074075,18406.12496455204,14561.73500180124,32967.85996635328,3657.064631687244,451.18041666666676,96.4872016460894,174.71614999999997,1286.8384814814822,10800.0,False,False,True
2025-11-16,rolling-7d,D-7,point,8807.290574074075,8799.596203703699,46918.387353708415,17668.460559391668,64586.84791310008,4345.0849333333335,672.4230833333336,0.0,89.63658333333342,1200.000000000001,10800.0,False,False,True
2025-11-17,rolling-7d,D-7,point,8799.596203703699,8690.901407407415,48583.861320380274,6337.867830916662,54921.72915129694,1612.4423666666655,1086.1278166666661,127.62174897119007,230.18488333333346,1340.901407407407,10800.0,False,False,True
2025-11-18,rolling-7d,D-7,point,8690.901407407415,8664.658851851851,47136.05114001796,16523.6151795713,63659.66631958926,4640.670177160497,878.8719666666668,70.21283950617033,160.06536666666636,1263.1915555555524,10800.0,False,False,True
2025-11-19,rolling-7d,D-7,point,8664.658851851851,8653.025000000005,46932.63586869951,18225.345943108336,65157.98181180784,4949.182633333334,381.1283499999993,102.45292181069897,175.70936666666626,1303.025000000004,10800.0,False,False,True
2025-11-20,rolling-7d,D-7,point,8653.025000000005,6810.221092592587,46699.001829134984,13524.497808912656,60223.49963804764,3297.749003497943,593.7680499999999,129.66594650205747,284.15891666666676,1399.0327777777766,10800.0,False,False,True
2025-11-21,rolling-7d,D-7,point,6810.221092592587,7301.4814259259265,18146.789348761486,8064.437669616666,26211.22701837815,2233.6129999999994,346.8036666666666,54.67452674897053,340.37935,1249.2070740740737,10800.0,False,False,True
2025-11-22,rolling-7d,D-7,point,7301.4814259259265,8742.259037037038,18768.138029260903,9965.590011123442,28733.728040384347,2635.3946845678993,348.0751999999999,9.613765432100962,180.82028333333335,1208.6523888888887,10800.0,False,False,True
2025-11-23,rolling-7d,D-7,point,8742.259037037038,8689.019481481482,49276.06052417819,9967.428888166669,59243.48941234486,2504.1671500000007,627.741633333334,70.52833333333376,182.24548333333325,1339.0194814814822,10800.0,False,False,True
2025-11-24,rolling-7d,D-7,point,8689.019481481482,8654.942740740744,47949.66162378481,11724.032778337643,59673.69440212245,3075.7071775720133,473.90468333333274,20.15020576132065,110.77013333333355,1261.687864444448,10800.0,False,False,True
2025-11-25,rolling-7d,D-7,point,8654.942740740744,8614.21618518519,49266.69636324396,12544.868060949999,61811.56442419396,3091.872666666666,567.7155499999997,59.65228395061979,106.11291666666693,1264.2161851851865,10800.0,False,False,True
2025-11-26,rolling-7d,D-7,point,8614.21618518519,8705.652370370373,49950.820251093384,10606.073189749064,60556.89344084245,3010.2483462962937,1239.0944666666667,16.870370370371955,153.75213333333352,1355.6523703703697,10800.0,False,False,True
2025-11-27,rolling-7d,D-7,point,8705.652370370373,7259.559999999998,48765.67390662546,10186.440130308334,58952.114036933795,2619.8762500000003,868.2535500000004,1.0420370370350156,117.69476666666674,1329.8341296296203,10800.0,False,False,True
2025-11-28,rolling-7d,D-7,point,7259.559999999998,7497.645829444438,18504.18197078942,13063.595014078397,31567.776984867818,3048.5412232510294,959.282116666666,29.949526748970925,105.39468333333343,1226.9545740740743,10800.0,False,False,True
2025-11-29,rolling-7d,D-7,point,7497.645829444438,8883.177037037043,19341.090065712808,17652.281760443002,36993.37182615581,5003.202445884773,743.0180166666668,88.86300411522747,236.83836666666656,1279.9767037037054,10800.0,False,False,True
2025-11-30,rolling-7d,D-7,point,8883.177037037043,8572.96883333334,49766.8555271179,23007.69608446757,72774.55161158547,6192.513820987649,830.3325500000002,25.84567901234948,41.60694999999987,1222.968833333337,10800.0,False,False,True
2025-12-01,rolling-7d,D-7,point,8572.96883333334,8656.621740740742,49031.579449748526,48043.75679748333,97075.33624723185,12530.253633333332,282.1846833333326,2.0747847884194925e-12,95.95956666666655,1306.6217407407398,10800.0,False,False,True
2025-12-02,rolling-7d,D-7,point,8656.621740740742,8684.052592592594,50325.636458731955,48920.683311283334,99246.31977001528,12675.013266666665,85.17218333333346,1.9326762412674725e-12,120.64733333333334,1334.0525925925936,10800.0,False,False,True
2025-12-03,rolling-7d,D-7,point,8684.052592592594,8689.909907407407,50811.16209969401,38366.155488475,89177.31758816901,10648.118283333335,110.87400000000036,4.547473508864641e-13,125.91891666666652,1339.9099074074056,10800.0,False,False,True
2025-12-04,rolling-7d,D-7,point,8689.909907407407,7712.185166666658,49823.589041739826,42399.732515508316,92223.32155724814,11136.224949999994,101.44545000000028,4.231726080661247e-12,38.66984999999977,1242.9665000000005,10800.0,False,False,True
2025-12-05,rolling-7d,D-7,point,7712.185166666658,8199.801333333333,19018.086542673896,39071.31968270833,58089.40622538223,10172.182966666667,130.06961666666672,0.0,224.82120000000015,1200.0,10799.999999999995,False,False,True
2025-12-06,rolling-7d,D-7,point,8199.801333333333,8845.542574074076,20213.15155844537,34817.60350146667,55030.755059912044,9208.034233333334,125.68116666666674,1.2896350654045818e-12,130.98831666666672,1345.5425740740757,10800.0,False,False,True
2025-12-07,rolling-7d,D-7,point,8845.542574074076,8647.590740740747,53246.178995075185,28804.65028118333,82050.82927625852,7715.804516666666,150.57001666666667,0.0,87.8316666666667,1242.4475740740766,10800.0,False,False,True
2025-12-08,rolling-7d,D-7,point,8647.590740740747,8659.69977777778,57758.97426051704,11096.100138325,68855.07439884204,3239.5912000000003,1047.7895833333337,0.0,98.72980000000007,1200.0000000000002,10800.0,False,False,True
2025-12-09,rolling-7d,D-7,point,8659.69977777778,8823.382166666668,59607.27623934023,7893.993338691662,67501.26957803189,1835.6077666666658,953.3741166666659,0.0,111.04394999999988,1200.000000000001,10800.0,False,False,True
2025-12-10,rolling-7d,D-7,point,8823.382166666668,8707.702592592588,57884.04641948831,10474.045277066658,68358.09169655497,2723.602433333331,715.2287333333333,0.0,141.9323333333332,1200.0,10800.0,False,False,True
2025-12-11,rolling-7d,D-7,point,8707.702592592588,8963.580537037047,58253.27890992833,6109.639389574987,64362.91829950332,1747.6340166666628,1252.4403166666673,4.661160346586257e-12,237.2224833333338,1200.0000000000027,10800.0,False,False,True
2025-12-12,rolling-7d,D-7,point,8963.580537037047,8952.543685185177,23337.356625534063,14431.311495949998,37768.668121484065,4324.062116666665,973.2252833333334,133.23617283951143,335.21061666666657,1452.5436851851766,10800.0,False,False,True
2025-12-13,rolling-7d,D-7,point,8952.543685185177,9015.742648148156,24506.261177389824,10571.118982060501,35077.380159450324,2476.128443621401,796.4833666666673,94.36748971193218,360.60604999999987,1424.2985740740744,10800.0,False,False,True
2025-12-14,rolling-7d,D-7,point,9015.742648148156,8845.804129629632,58592.247651104444,10493.450628441668,69085.69827954611,2655.491316666667,1004.6477666666664,0.0,131.22371666666697,1200.0000000000002,10800.0,False,False,True
2025-12-15,rolling-7d,D-7,point,8845.804129629632,8621.338944444447,58596.56352399977,11881.324370908329,70477.8878949081,3109.664299999999,711.4245166666662,0.0,64.20504999999991,1200.000000000001,10800.0,False,False,True
2025-12-16,rolling-7d,D-7,point,8621.338944444447,8708.615518518523,58860.287990159304,12396.617839691668,71256.90582985098,3702.54615,621.3281666666671,0.0,142.75396666666688,1200.0000000000011,10800.0,False,False,True
2025-12-17,rolling-7d,D-7,point,8708.615518518523,8933.159555555558,58985.437969429135,8079.248267608333,67064.68623703747,1976.7720499999998,809.5468166666659,6.252776074688882e-13,209.8435999999998,1200.000000000001,10800.0,False,False,True
2025-12-18,rolling-7d,D-7,point,8933.159555555558,8813.894222222223,57372.93652309111,11751.18746761667,69124.12399070778,3016.459133333334,750.0185166666693,0.0,102.50479999999732,1200.0000000000018,10800.0,False,False,True
2025-12-19,rolling-7d,D-7,point,8813.894222222223,8925.674055555559,24532.048428454942,8477.231953394734,33009.280381849676,2018.1484641975271,623.5487333333326,63.835802469139985,254.8136500000001,1425.67405555556,10800.0,False,False,True
2025-12-20,rolling-7d,D-7,point,8925.674055555559,8933.950259259265,24547.771326141978,6794.459794949996,31342.231121091972,1696.0909833333324,480.13143333333335,271.6547942386819,430.5956166666668,1433.950259259265,10800.0,False,False,True
2025-12-21,rolling-7d,D-7,point,8933.950259259265,8839.965370370375,59480.3190459179,7599.371075441661,67079.69012135957,2171.325849999998,872.5213499999994,2.1032064978498966e-12,125.96883333333312,1200.0000000000023,10800.0,False,False,True
2025-12-22,rolling-7d,D-7,point,8839.965370370375,8741.563240740743,59828.94639301596,7601.401602991669,67430.34799600764,1882.5904000000003,726.1602500000001,0.0,37.406916666666575,1200.0000000000007,10800.0,False,False,True
2025-12-23,rolling-7d,D-7,point,8741.563240740743,8638.15675925927,59872.37995565987,4002.105916433334,63874.4858720932,1036.4552,983.8290333333327,0.0,79.34108333333347,1200.000000000001,10800.0,False,False,True
2025-12-24,rolling-7d,D-7,point,8638.15675925927,8739.526018518529,58907.34826559344,8436.947260624993,67344.29552621844,1937.721433333332,1067.6754833333343,0.0,35.57341666666662,1200.000000000001,10800.0,False,False,True
2025-12-25,rolling-7d,D-7,point,8739.526018518529,8744.323000000008,58757.78518455371,9215.558426424997,67973.3436109787,2886.1266166666665,1115.3523500000013,2.2737367544323206e-13,39.89070000000004,1200.000000000001,10800.0,False,False,True
2025-12-26,rolling-7d,D-7,point,8744.323000000008,8973.538203703698,24308.981511733386,7127.953305149377,31436.934816882764,1860.5543506172828,648.6187500000001,50.392880658439736,422.00261666666665,1400.4856481481474,10800.0,False,False,True
2025-12-27,rolling-7d,D-7,point,8973.538203703698,8777.117185185183,24079.05534016093,9784.206603029312,33863.26194319024,2607.5894179012325,1024.5964166666674,137.1354320987676,315.48516666666643,1323.4218888888918,10800.0,False,False,True
2025-12-28,rolling-7d,D-7,point,8777.117185185183,8864.755592592592,59556.997468963236,5845.060605758336,65402.05807472157,1550.668066666668,970.9267166666672,0.0,283.2800333333331,1200.0000000000007,10800.0,False,False,True
2025-12-29,rolling-7d,D-7,point,8864.755592592592,8652.598148148156,59533.63104054145,4396.038846224998,63929.669886766445,1343.3512499999995,991.1806333333337,1.6484591469634324e-12,92.33833333333337,1200.0000000000014,10800.0,False,False,True
2025-12-30,rolling-7d,D-7,point,8652.598148148156,8700.267611111112,58352.22333376345,6452.21123919999,64804.434572963444,1646.9748999999972,795.9249833333331,1.1368683772161603e-12,135.2408499999998,1200.000000000001,10800.0,False,False,True
2025-12-31,rolling-7d,D-7,point,8700.267611111112,8824.349629629636,59098.887938132844,9677.446277241672,68776.33421537452,2791.8516166666677,945.1163666666666,1.1368683772161603e-13,111.91466666666656,1200.000000000002,10800.0,False,False,True
